book_title,book_author,book_translator,book_pub_date,book_isbn
예제로 배우는 블록체인,"벨라이 바드르 , 리처드 호록스 , 쉰 (브라이언) 우 ",류광 ,2019-09-01,9791162242179
이노베이션 신화의 진실과 오해,스콧버쿤 ,"임준수 , 서상원 ",2008-01-23,9788979145502
엔지니어를 위한 블록체인 프로그래밍,다고모리 데루히로 ,심효섭 ,2018-06-01,9791162240694
모방의 경제학,"칼 라우스티아라 , 크리스토퍼 스프리그맨 ",이주만 ,2013-04-12,9788994120560
린 스타트업: 실리콘밸리를 뒤흔든 IT 창업 가이드,애시 모리아 ,위선주 ,2012-11-17,9788979149692
파이썬을 활용한 머신러닝 쿡북,크리스 알본 ,박해선 ,2019-09-01,9791162241950
비즈니스 블록체인,윌리엄 무가야 ,"박지훈 , 류희원 ",2017-05-02,9788968483592
라디오헤드로 철학하기,브랜든 포브스 외 ,김경주 ,2012-07-23,9788994120386
"이나모리 가즈오 1,155일간의 투쟁",오니시 야스유키│ ,송소영 ,2013-11-02,9788994120300
린 고객 개발 : 고객의 지갑을 여는 제품 만들기,신디 앨버레즈 ,"박주훈 , 이광호 ",2015-04-27,9788968481864
린 마인드셋 : 린 스타트업을 위한 경영 철학,"메리 포펜딕 , 톰 포펜딕 ",위선주 ,2014-04-02,9788968480928
린 UX : 린과 애자일 그리고 진화하는 사용자 경험,"제프 고델프 , 조시 세이던 ",김수영 ,2013-10-25,9788968480485
린 분석 : 성공을 예측하는 31가지 사례와 13가지 패턴,"앨리스테어 크롤 , 벤저민 요스코비츠 ",위선주 ,2014-01-02,9788968480690
린 스타트업 실전 UX: 더 빠르고 스마트하게 일하는 린 UX 실행 전략,로라 클라인 ,"김수영 , 박기석 ",2014-09-28,9788968481086
비즈니스 블록체인,윌리엄 무가야 ,"박지훈 , 류희원 ",2017-05-02,9788968483592
유쾌한 혁명을 작당하는 공동체 가이드북,세실 앤드류스 ,강정임 ,2013-10-17,9788994120690
최고가 되라,에릭 라르센 ,김정희 ,2014-04-28,9788994120799
사장의 정도,고미야 가즈요시 ,김힘찬나 ,2014-07-07,9788994120843
미라클 라이프,할 엘로드 ,전행선 ,2017-10-23,9791157842087
프렌치 스타일 크리스마스 장식,아나벨 르샤 ,오보배 ,2015-12-11,9791185933184
꾸미지 않아도 돋보이는 사계절 아이옷 만들기,마리코 나카무라 ,권경희 ,2015-06-19,9791185933153
잘 먹고 더 움직이고 잘 자라,톰 래스 ,김태훈 ,2014-02-28,9791195153831
손으로 만드는 즐거움,레나 코윈 ,조진경 ,2015-01-23,9791185933092
아이주도 이유식,"질 래플리 , 트레이시 머켓 ",정수진 ,2014-09-25,9791185933030
“사랑해”를 쓰는 40가지 방법,라나 휴즈(Lana Hughes) ,정아림 ,2018-08-27,9791188007172
초간단 촉감놀이 150+,아시아 시트로 ,김세영 ,2016-08-01,9791185933436
Make: Technology on Your Time Volume 08,메이크 미디어 (Make Media) ,한빛미디어 / Make ,2015-06-28,9788968480836
좀비 육아,제임스 브레이크웰 ,최다인 ,2019-02-07,9791157843138
Make: Technology on Your Time Volume 05,오라일리 미디어 (메이크 편집부) ,한빛미디어 / Make ,2013-03-07,9788979149753
Make : Technology on Your Time Volume 06,메이커 미디어 ,한빛미디어 / Make ,2013-05-21,9788968480188
Make : Technology on Your Time Volume 07,메이커 미디어 ,한빛미디어 / Make ,2013-12-28,9788968480669
허리만 펴도 다이어트,기즈 다다아키 ,김혜영 ,2014-06-09,9791195153862
마사 스튜어트 미술놀이대백과 175,마사 스튜어트 리빙 ,서라미 ,2014-08-14,9791195153879
오늘은 공룡 접어요,"마리 오노 , 히로아키 타카이 ",c: operated ,2013-06-28,9788968480171
오늘은 동물 접어요,"마리 오노 , 로신 오노 ",c: operated ,2013-06-28,9788968480164
연필 하나로 시작하는 일러스트 연습장,우모토 사치코 ,류현정 ,2008-09-02,9788979145915
싱글 라이프스타일 아이디어 100,REISM (리즘) ,김보미 ,2015-04-10,9791185933115
18년이나 다닌 회사를 그만두고 후회한 12가지,와다 이치로 ,김현화 ,2015-09-11,9791157840229
싱커스50 미래 사상가들에게 묻다,닐로퍼 머천트 외3 ,김정혜 ,2015-11-10,9791157840984
싱커스50 혁신은 어떻게 일어나는가,돈 탭스코트 외3 ,구세희 ,2015-11-10,9791157840953
싱커스50 인도의 경영 철학자들,니르말야 쿠마르 외2 ,장희재 ,2015-11-10,9791157840991
싱커스50 경영이란 무엇인가,헨리 민츠버그 외3 ,장희재 ,2015-11-10,9791157841011
소리로 팔아라,"조엘 베커맨 , 타일러 그레이 ",구세희 ,2015-07-14,9791157840151
싱커스50 전략은 어디로 향하는가,김위찬 외4 ,구세희 ,2015-11-10,9791157840960
싱커스50 리더십은 누구의 것인가,짐 콜린스 외3 ,김정혜 ,2015-11-10,9791157840977
면접이 막막할 때마다 꺼내 읽는 책,제임스 리드 ,문수민 ,2015-12-07,9791157840205
0.1% 진짜 부자들의 습관,가케고시 나오키 ,이서연 ,2015-12-10,9791157840267
게임스토밍 : 팀의 운명을 바꾸는 성과 창출의 기술,데이브 그레이 · 서니 브라운 · 제임스 매카누포 ,"정진호 , 강유선 ",2010-12-15,9788994120119
우리는 왜 위험한 것에 끌리는가,리처드 스티븐스 ,김정혜 ,2016-03-22,9791157841202
백미진수 : 맛의 사계를 요리하다,단 가즈오 ,심정명 ,2016-03-11,9791157841189
미라클 모닝,할 엘로드 ,김현수 ,2016-02-17,9791157841110
Make: Technology on Your Time Volume 01,오라일리 / 메이크 미디어 (Make Media) ,한빛미디어 / Make ,2011-05-09,9788979147728
Make: Technology on Your Time Volume 02,오라일리 / 메이크 미디어 (Make Media) ,한빛미디어 / Make ,2011-09-06,9788979148411
Make: Technology on Your Time Volume 03,오라일리 / 메이크 미디어 (Make Media) ,한빛미디어 / Make ,2012-04-02,9788979149128
Make: Technology on Your Time Volume 04,오라일리 / 메이크 미디어 (Make Media) ,한빛미디어 / Make ,2012-09-28,9788979149586
연필 하나로 시작하는 스케치 연습장,우모토 사치코 ,류현정 ,2008-09-02,9788979145922
인공지능 마케팅,짐 스턴 (Jim Sterne) ,김현정 ,2018-12-05,9791162241356
불렛저널,라이더 캐롤 Ryder Carroll ,최성옥 ,2018-11-19,9791157842971
나의 첫 불렛저널,Marie ,김은혜 ,2018-12-19,9791157843046
"IT CookBook, VHDL을 이용한 디지털 회로 입문","나미키 히데아키 , 나가이 다카미치 ","김은성 , 이영희 ",2009-05-30,9788979146714
Make : 아두이노 DIY 프로젝트,"키모 카르비넨 , 테로 카르비넨 ",배지은 ,2014-01-02,9788968480737
만화로 보는 성차별의 역사,"솔다드 브라비 Soledad Bravi , 도로테 베르네르 Dorothée Werner ",맹슬기 ,2019-01-31,9791157843121
일자리 빅뱅이 다가온다,대럴 M. 웨스트 Darrell M. West ,김인수 ,2019-01-21,9791157843114
경제학자의 다이어트,"크리스토퍼 페인 , 롭 바넷 ",이윤진 ,2019-03-07,9791157843176
"IT CookBook, 아날로그 CMOS 집적회로 설계 : Design of Analog CMOS Integrated Circuits",버자드 라자비(Behzad Razavi) ,"김대정 , 이강윤 , 이종창 ",2009-05-15,9788979146721
미라클 모닝 밀리어네어,"할 엘로드 , 데이비드 오스본 ",이주만 ,2019-04-01,9791157843244
33가지 프로젝트로 배우는 아두이노,사이먼 몽크 ,윤진서 ,2014-05-20,9788968481000
"IT CookBook, 디지털 집적회로 해석 및 설계","데이비드 하지즈 , 호레스 잭슨 , 레스베 살레 ",김대정 ,2010-08-20,9788979147513
처음 시작하는 센서,"키모 카르비넨 , 테로 카르비넨 ",임지순 ,2015-02-25,9788968481697
일터의 품격,도나 힉스 ,이종민 ,2019-03-30,9791157843220
예의 바른  나쁜 인간,이든 콜린즈워스 ,한진영 ,2019-04-10,9791157843299
라즈베리 파이 쿡북,사이먼 몽크 ,"박경욱 , 백운혁 , 유시형 , 윤종우 ",2014-12-26,9788968481536
맨박스 Man Box (리커버 개정판),토니 포터 ,김영진 ,2019-05-22,9791157843350
시그널,피파 맘그렌 ,조성숙 ,2019-05-27,9791157843268
거절당하기 연습,지아 장 ,임지연 ,2017-01-24,9791157841684
"IT CookBook, 전기전자공학 개론(개정 5판)",Stan Gibilisco ,"권기영 , 윤석범 , 정영배 ",2013-02-11,9788998756017
"IT CookBook, 회로이론 : Circuits","Fawwaz T. Ulaby , Michel M. Maharbiz ","박병국 , 조성재 , 강인만 , 김중빈 ",2014-07-22,9791156641193
"IT CookBook, RF 및 초고주파 공학",카이 창(Kai Chang) ,홍익표 ,2014-03-12,9791156641063
고양이 부처는 고민이 없다냥,미야시타 마코토 ,김희은 ,2017-03-17,9791157841752
"IT CookBook, 전기전자공학 개론(개정 6판)","Stan Gibilisco , Simon Monk ","권기영 , 조성재 , 유태훈 ",2017-11-30,9791156643661
"자바 프로그래밍 면접, 이렇게 준비한다",노엘 마크엄 ,정원천 ,2015-01-23,9788968481529
"프로그래밍 면접, 이렇게 준비한다(3판)","존 몽건 , 에릭 기게리 , 노아 수요야넨 킨들러 ",서환수 ,2014-02-28,9788968480843
코딩의 기술 : C와 C++ 게임 코드로 알아보는,오즈 모리하루 ,윤인성 ,2016-03-28,9788968482694
Designing Web Navigation : 사용자 경험 최적화를 위한 웹 내비게이션 설계 원칙,제임스 콜백 ,김소영 ,2008-03-01,9788979145588
멀티 디바이스 UX 디자인 : 사물인터넷 생태계 경험을 지배하는 3가지 핵심 원리,미할 레빈 ,이미령 ,2014-11-12,9788968481307
"IT CookBook, 통신시스템의 기초 : Fundamentals of Communications Systems",마이클 피츠 ,"고균병 , 이종형 , 장은영 , 홍대기 ",2009-03-09,9788979146554
모던 웹을 위한 실시간 사용자 경험(UX) 프로그래밍: 웹사이트에 인터랙티브를 더하는 마술,테드 로덴 ,백기선 ,2012-05-04,9788979149159
slide:ology - 위대한 프레젠테이션을 만드는 예술과 과학,낸시 두아르떼(Nancy Duarte) ,서환수 ,2010-03-08,9788979147308
"IT CookBook, 최신 이동통신 입문 : Mobile Communications",Jochen H. Schiller ,"곽경섭 , 고영채 ",2016-01-04,9791156642084
회사에서 바로 통하는 엑셀 비즈니스 데이터 분석,히바나 히로코(日花弘子) ,"최수진 , 최준선 ",2006-03-03,8979143869
사전처럼 바로 찾아 쓰는 자바7 : 기본부터 심화까지 해결하는 문제 해결의 길잡이,조시 주노 외 3인 ,백기선 외 8인 ,2013-10-28,9788968480546
미적분학,"Carol Ash , Robert B. Ash ","김광수 , 최형규 ",2016-01-21,9791156642343
28일 동안 배우는 리눅스 서버 관리,카사노 히데마츠 ,김성재 ,2014-09-28,9788968481215
리눅스 시스템 프로그래밍(개정2판) : 커널과 C 라이브러리로 풀어가는(리눅스 3.x 최신 커널 기반),로버트 러브 ,김영근 ,2014-12-26,9788968481482
자바7 NIO.2: 파일&네트워크 프로그래밍,앵겔 레너드 ,조태현 ,2012-06-28,9788979149319
"리눅스 커널의 이해, 개정 3판","다니엘 보베이 , 마르코 체사티 ",박장수 ,2006-09-28,8979144326
우분투 환경에서 C 언어로 배우는 리눅스 프로그래밍,이이오 준 ,김성재 ,2012-09-24,9788979149531
Head First Servlets & JSP(개정판) : 상상력을 자극하는 몰입의 학습법,"케이시 시에라 , 버트 베이츠 , 브라얀 바샴 ",김종호 ,2009-02-02,9788979146639
"자바 8 인 액션 : 람다, 스트림, 함수형 프로그래밍으로 새로워진 자바 마스터하기","라울-게이브리얼 우르마 , 마리오 푸스코 , 앨런 마이크로프트 ",우정은 ,2015-03-19,9788968481796
자바 퍼즐러 : 세상에서 가장 재미있는 자바 책,"조슈아 블로크 , 닐 개프터 ",윤인성 ,2014-12-27,9788968481444
Head First Java: 뇌 회로를 자극하는 자바 학습법(개정판),"케이시 시에라 , 버트 베이츠 ",서환수 ,2005-11-16,8979143710
Head First Design Patterns: 스토리가 있는 패턴 학습법,"에릭 프리먼 , 엘리자베스 프리먼 , 케이시 시에라 , 버트 베이츠 ",서환수 ,2005-08-22,8979143400
"모던 자바 인 액션 : 람다, 스트림, 함수형, 리액티브 프로그래밍으로 새로워진 자바 마스터하기","라울-게이브리얼 우르마 , 마리오 푸스코 , 앨런 마이크로프트 ",우정은 ,2019-08-01,9791162242025
유닉스 리눅스 셸 스크립트 예제 사전,오스미 유스케 ,서수환 ,2015-08-27,9788968482137
UNIX V6로 배우는 커널의 원리와 구조 : 고전으로 익히는 운영체제,아오야기 타카히로 ,조만석 ,2014-05-28,9788968480966
Elemental Design Patterns : 객체지향과 디자인 패턴의 연결 고리,제이슨 맥컴 스미스 ,김지원 ,2013-05-02,9788968480140
리팩토링: 코드 품질을 개선하는 객체지향 사고법,마틴 파울러 ,김지원 ,2012-11-01,9788979149715
Head First HTML5 Programming: 웹 표준으로 만드는 생동감 있는 웹 애플리케이션,"에릭 프리먼 , 엘리자베스 롭슨 ",홍형경 ,2012-07-28,9788979149326
Head First HTML and CSS(개정판) : HTML5를 적용한 웹 제작 지침서,"엘리자베스 롭슨 , 에릭 프리먼 ","홍형경 , 우재남 ",2013-04-11,9788968480126
Head First PHP & MySQL: 효과적이고 생동감 넘치는 웹 애플리케이션 만들기,"린 베일리 , 마이클 모리슨 공저 ",홍승표 ,2010-05-07,9788979147391
"Modern PHP: 네임스페이스, 트레이트, 클로저부터 모범 사례와 최신 도구까지",조시 록하트 ,정병열 ,2015-10-15,9788968482250
읽기 좋은 코드가 좋은 코드다: 더 나은 코드를 작성하는 간단하고 실전적인 테크닉,"더스틴 보즈웰 , 트레버 파우커 ",임백준 ,2012-04-26,9788979149142
읽기 좋은 자바스크립트 코딩 기법: 유지보수가 쉬운 코드로 팀의 생산성을 높이자,니콜라스 자카스 ,김광호 ,2013-01-26,9788979149883
"모던 웹을 요리하는 초간편 HTML5 Cookbook : 자바스크립트 API, 로컬 저장소, 접근성, 지오로케이션","크리스토퍼 슈미트 , 카일 심슨 ",한선용 ,2012-08-17,9788979149401
사전처럼 바로 찾아 쓰는 HTML5 핵심 API,하타노 후토미 ,윤준 ,2011-12-01,9788979148732
Effective Unit Testing : 클린 코드와 좋은 설계를 이끄는 단위 테스트,라쎄 코스켈라 ,이복연 ,2013-11-11,9788968480621
프로젝트로 배우는 HTML5+자바스크립트,지닌 마이어 ,김지원 ,2012-06-22,9788979149241
PHP 보안: 몇 줄의 코드로 안전하게,크리스 쉬플릿 ,한동훈 ,2006-03-07,8979143877
HTML5 Canvas : 웹의 한계를 캔버스로 뛰어 넘는다,"스티브 펄튼 , 제프 펄튼 ","이수진 , 이성희 ",2012-01-09,9788979148985
더 나은 프로그래밍을 위한 코드골프 : 즐기면서 배우는 자바스크립트 코드 퍼즐과 알고리즘,야나이 마사카즈 ,"손정도 , 김정현 ",2015-01-28,9788968481673
SQL 첫걸음: 하루 30분 36강으로 배우는 완전 초보의 SQL 따라잡기,아사이 아츠시 ,박준용 ,2015-10-26,9788968482311
훌륭한 프로그래머 되는 법 : 프로젝트와 팀을 성공으로 이끄는 선배 개발자의 노하우,피트 구들리프 ,"최원재 , 강전희 , 안재덕 , 남윤화 ",2015-12-04,9788968482304
한 번에 배우는 HTML5+자바스크립트,지닌 마이어 ,김지원 ,2011-05-22,9788979148268
Head First SQL : 효율적인 DB 관리를 위한 SQL 학습법,린 베일리 ,박종걸 ,2008-05-28,9788979145601
웹 표준 가이드: HTML5 + CSS3,존 앨섭(John Allsopp) ,"김지원 , 홍승표 ",2010-11-25,9788979147940
모던 웹을 위한 HTML5 웹소켓 프로그래밍,"바네사 왕 , 프랭크 살림 , 피터 모스코비츠 ",김지원 ,2013-07-24,9788968480317
Programming Challenges: 알고리즘 트레이닝 북,"스티븐 스키에나 , 미구엘 레비야 ",서환수 ,2004-07-14,8979142889
더글라스 크락포드의 자바스크립트 핵심 가이드,더글라스 크락포드(Douglas Crockford) ,김명신 ,2008-09-26,9788979145984
SQL 레벨업 : DB 성능 최적화를 위한 SQL 실전 가이드,미크 ,윤인성 ,2016-01-22,9788968482519
Head First JavaScript Programming : 게임과 퍼즐로 배우는 자바스크립트 입문서,"에릭 프리먼 , 엘리자베스 롭슨 ",강권학 ,2015-01-27,9788968481567
자바스크립트 자료구조와 알고리즘 : 구조적이고 효율적인 자바스크립트 프로그래밍 기법 익히기,마이클 맥밀런 ,우정은 ,2014-08-28,9788968481222
Head First HTML with CSS & XHTML : 웹2.0 시대의 웹 표준 학습법,"에릭 프리먼 , 엘리자베스 프리먼 ",홍형경 ,2006-05-28,8979144105
자바스크립트를 말하다 : 가장 간결하면서도 완벽한 자바스크립트 입문서,악셀 라우슈마이어 ,한선용 ,2014-09-12,9788968481192
데이터베이스 첫걸음,"미크 , 기무라 메이지 ",박주항 ,2016-10-10,9788968487316
TopCoder 탑코더 알고리즘 트레이닝,타카하시 나오히로 ,윤인성 ,2013-10-28,9788968480553
프로그래머로 사는 법: 프로그래머의 길을 걸어가는 당신을 위한 안내서,샘 라이트스톤 ,서환수 ,2012-10-17,9788979149623
함수형 자바스크립트 : 새롭고 올바른 자바스크립트 프로그래밍 기법,마이클 포거스 ,우정은 ,2014-01-28,9788968480799
"(10대를 위한 프로그래밍 노트, 수프) 코딩 클럽 LV3. 제대로 된 파이썬 앱 만들기",크리스 로피 ,"이지호 , 유형목 ",2015-11-06,9788968482335
"(10대를 위한 프로그래밍 노트, 수프) 코딩 클럽 LV1. 모두를 위한 파이썬 기초",크리스 로피 ,유형목 ,2015-08-26,9788968482168
사전처럼 바로 찾아 쓰는 알고리즘,"조지 T. 하인만 , 게리 폴리케 , 스탠리 셀코 ",전경원 ,2010-03-08,9788979147292
"(10대를 위한 프로그래밍 노트, 수프) 코딩 클럽 LV2. 본격 파이썬 입문",크리스 로피 ,"이지호 , 유형목 ",2015-08-26,9788968482175
"jQuery 최고의 교과서 : 디자이너, 퍼블리셔, 개발자를 위한 처음 시작하는 제이쿼리",주식회사 시프트브레인 ,송태민(어비) ,2015-01-28,9788968481574
The Art of Computer Programming 1: 기초 알고리즘(개정 3판),도널드 커누스(Donald E. Knuth) ,류광 ,2006-09-28,9788979144307
자바스크립트 성능 최적화: High Performance JavaScript,니콜라스 자카스 ,한선용 ,2011-09-15,9788979148558
"(10대를 위한 프로그래밍 노트, 수프) 코딩 클럽 LV4. 파이썬 프로그래밍 아트",크리스 로피 ,유형목 ,2016-09-28,9788968484797
드림팀의 악몽: 산으로 가는 팀 프로젝트를 바로잡는 애자일 코칭법,포샤 텅 ,김광호 ,2014-05-16,9788968480973
The Art of Computer Programming 2: 준수치적 알고리즘(개정 3판),도널드 커누스(Donald E. Knuth) ,류광 ,2007-09-14,9788979144840
The Art of Computer Programming 3: 정렬과 검색(개정 2판),도널드 커누스(Donald E. Knuth)) ,류광 ,2008-01-01,9788979145496
"Introduction To Algorithms, Third Edition","토머스 코멘 , 찰스 레이서손 , 로날드 리베스트 , 클리포드 스타인 ","문병로 , 심규석 , 이충세 ",2014-07-10,9791156641131
대학생을 위한 파이썬 프로그래밍 : 누구나 할 수 있는 가장 쉬운 프로그래밍 입문서,크리스 로피 ,"이지호 , 유형목 ",2016-01-26,9788968482540
Head First jQuery: 자바스크립트를 몰라도 배울 수 있는 제이쿼리,"라이언 베네디티 , 로넌 크랜리 ",한선용 ,2012-05-24,9788979149203
The Art of Computer Programming 4A 컴퓨터 프로그래밍의 예술: 조합적 알고리즘 1부,도널드 커누스(Donald E. Knuth) ,류광 ,2013-08-19,9788968480287
jQuery Mobile(개정판),존 라이드 ,한선용 ,2012-01-19,9788979149067
"Head First PMP : 체계적인 프로젝트 관리를 위한 국제 공인 학습법 (개정3판, PMBOK® 지침서 5판 시험대비용)","제니퍼 그린 , 앤드류 스텔만 ","한동환 , 김기평 ",2014-09-12,9788968481154
"자바스크립트 웹 애플리케이션 : 제이쿼리, Node.js, 웹소켓, 스파인, 백본, 자바스크립트MVC",알렉스 맥카우 ,우정은 ,2012-06-18,9788979149258
처음 시작하는 파이썬: 파이썬 패키지를 활용한 모던 컴퓨팅 입문,빌 루바노빅 ,최길우 ,2015-12-04,9788968482397
프로그래밍 스칼라,"딘 왐플러 , 알렉스 페인 ",오현석 ,2016-06-01,9788968482755
클라이언트-서버 웹 앱 만들기: 자바와 자바스크립트로 배우는 모던 웹 앱 개발,캐지미어 새터노스 ,김은정 ,2014-10-17,9788968481345
풀스택 개발자를 위한 MEAN 스택 입문,"애덤 브레츠 , 콜린 J. 이릭 ",박재호 ,2015-08-27,9788968482182
"MySQL Troubleshooting : 쿼리 문제, 원인을 알면 해결은 쉽다",스베타 스머노바(Sveta Smirnova) ,강권학 ,2013-02-07,9788979149999
"Head First Agile : 개념부터 시험 대비까지, 가장 애자일다운 안내서","앤드류 스텔만 , 제니퍼 그린 ",박현철 ,2019-08-01,9791162242018
Head First Python : 머리에 쏙쏙 들어오는 파이썬 안내서(수정판),폴 베리 ,강권학 ,2016-03-28,9788968482724
Head First JavaScript : 대화형 웹 애플리케이션의 시작,마이클 모리슨 ,홍형경 ,2008-07-01,9788979145823
브루스 테이트의 세븐 랭귀지 : 프로그래머라면 알아야 할 미래를 품은 7가지 언어,브루스 테이트 ,임백준 ,2015-04-27,9788968481857
Head First C# : 상상을 초월하는 객체지향 C# 학습법(개정3판),"앤드류 스텔만 , 제니퍼 그린 ",최길우 ,2015-02-27,9788968481659
The Nature of Software Development,론 제프리스 ,이기곤 ,2016-12-31,9788968484650
"MongoDB 몽고디비 완벽 가이드 : 페이스북, 트위터가 선택한 NoSQL의 진수를 만나다! (개정2판)",크리스티나 초도로우 ,"이승구 , 김인범 ",2014-04-24,9788968480959
전문가를 위한 C++ : C++ 11을 대하는 유쾌한 방법(개정판 2권),"마크 그레고리 , 니콜라스 솔터 , 스캇 클레퍼 ",권오인 ,2013-10-17,9788968480393
전문가를 위한 C++ : C++ 11을 대하는 유쾌한 방법(개정판 1권),"마크 그레고리 , 니콜라스 솔터 , 스캇 클레퍼 ",권오인 ,2013-10-17,9788968480386
"하이브리드 앱을 구현하는 기술 : HTML5, 자바스크립트, 코도바(폰갭)로 만드는 안드로이드와 iOS 앱 개발","구보타 미츠노리 , 아시알 주식회사 ",김성재 ,2015-02-17,9788968481680
애자일 개발과 스크럼 : 더 나은 자신과 팀을 위한 소프트웨어 개발 방법,"노나카 이쿠지로 , 히라나베 겐지 ",이명교 ,2014-07-28,9788968481109
HBase 완벽 가이드: 하둡 환경에서 실시간 빅데이터 랜덤 엑세스를 제공하는 클라우드 NoSQL,라스 조지 ,이진석 ,2013-01-26,9788979148381
"한 권으로 끝내는 Node & Express(Node 4, Express 4 테스트 완료)",이선 브라운 ,한선용 ,2015-10-24,9788968482229
Hello Coding 그림으로 개념을 이해하는 알고리즘,아디트야 바르가바 ,김도형 ,2017-04-01,9788968483547
맵리듀스 디자인 패턴 : 하둡과 빅데이터에 효과적인 6가지 방법론과 26가지 실용 패턴,"도널드 마이너 , 아담 슈크 ","이주열 , 오석근 ",2013-07-24,9788968480348
파이썬 라이브러리를 활용한 데이터 분석(수정보완판),웨스 맥키니(Wes Mckinney) ,김영근 ,2013-10-26,9788968480478
전문가를 위한 C++(개정3판),마크 그레고리 ,권오인 ,2016-11-04,9788968484858
머하웃 완벽 가이드(Mahout in Action): 하둡에 딱 맞는 빅데이터를 활용한 기계학습,"션 오웬 , 로빈 애닐 , 테드더닝 , 엘렌 프리드만 ",안태성 ,2012-10-23,9788979149609
프로그래머 첫걸음,코리 알트호프 ,한선용 ,2018-01-02,9791162240380
실시간 분석의 모든 것: 스트리밍 데이터 분석 및 시각화 시스템 구축 가이드,바이런 엘리스 ,이상훈 ,2015-12-11,9788968482298
"Head First Python, 개정판",폴 배리 ,우정은 ,2017-12-04,9791162240281
러닝 자바스크립트,이선 브라운 ,한선용 ,2017-07-01,9788968483387
MongoDB 활용 가이드: 스케일링과 50가지 팁,크리스티나 초도로우 ,이진석 ,2011-12-09,9788979148862
전문가를 위한 C++(개정4판),마크 그레고리 ,남기혁 ,2019-08-20,9791162242087
R로 배우는 데이터 분석 기본기 데이터 시각화 : 예제와 함수 중심으로 배우는 빅데이터 분석,후나오 노부오 ,김성재 ,2014-01-02,9788968480645
실전 하둡 운용 가이드 : 대규모 하둡 클러스터 관리를 위한 필수 노하우,에릭 새머 ,장형석 ,2013-07-24,9788968480300
하둡 완벽 가이드 : 클라우드 컴퓨팅 구축을 위한 실전 안내서(개정3판),톰 화이트 ,"심탁길 , 김우현 ",2013-06-22,9788968480201
하이브 완벽 가이드: 하둡을 이용한 SQL 기반 빅데이터 분석 도구,"에드워드 카프리올로 , 딘 웜플러 , 제이슨 러더글렌 ",오세봉 외 ,2013-03-28,9788968480072
Head First Data Analysis : 당신을 최고의 데이터 분석가로 이끌어줄 마법 같은 학습서,마이클 밀튼 ,김경태 ,2013-04-11,9788968480119
만들면서 배우는 기계 학습: 생각을 만드는 빅데이터 기술,오다카 토모히로 ,김성재 ,2012-06-18,9788979149234
비즈니스 활용 사례로 배우는 데이터 분석:R,"사카마키 류지 , 사토 요헤이 ",손정도 ,2015-10-28,9788968482113
파이썬을 활용한 베이지안 통계: 동전 던지기와 하키 승률로 배우는 데이터 분석,앨런 B. 다우니 ,권정민 ,2014-07-14,9788968481147
데이터 시각화를 위한 데이터 인사이트 : 빅데이터를 바라보는 통찰의 눈,헌터 휘트니 ,한선용 ,2014-04-18,9788968480942
파이썬 라이브러리를 활용한 데이터 분석(2판),웨스 맥키니 ,김영근 ,2019-05-20,9791162241905
만약 헤밍웨이가 자바스크립트로 코딩한다면,앵거스 크롤 ,김나솔 ,2016-11-04,9788968484742
케스케이딩 완벽 가이드 : 빅데이터 분석을 위한 하둡 워크플로우 관리 도구,파코 네이선 ,"오세봉 , 장정호 ",2014-01-17,9788968480775
MongoDB 완벽 가이드 : NoSQL의 진수를 만나다!,"크리스티나 초도로우 , 마이클 디롤프 ",윤진석 ,2011-05-19,9788979148251
하둡 완벽 가이드(4판),톰 화이트 ,"장형석 , 장정호 , 임상배 , 김훈동 ",2017-03-01,9788968484599
엔지니어를 위한 데이터 시각화 :  D3.js로 배우는 데이터 시각화 이론과 12가지 사례,"모리후지 다이치 , 안티베이지안 ",김성재 ,2015-04-27,9788968481918
데이터 분석을 통한 네트워크 보안 : IoT 시대에 맞는 상황 인식형 보안 구축하기,마이클 콜린스 ,문성건 ,2016-03-28,9788968482588
비즈니스를 위한 데이터 과학 : 빅데이터를 바라보는 데이터 마이닝과 분석적 사고,"포스터 프로보스트 , 톰 포셋 ",강권학 ,2014-06-24,9788968481093
자바로 배우는 핵심 자료구조와 알고리즘,앨런 B. 다우니 ,유동환 ,2018-06-01,9791162240847
"데이터과학 입문: 구글, MS, 이베이 데이터과학자에게 배우다","레이철 슈트 , 캐시 오닐 ","윤영민 , 허선 , 전희주 , 김정일 , 류자현 ",2014-10-28,9788968481352
Think Stats : 프로그래머를 위한 통계 및 데이터 분석 방법,앨런 B. 다우니 ,김석우 ,2013-09-03,9788968486340
Head First Statistics: 실생활 예제로 배우는 정말 쉬운 통계 이야기,돈 그리피스 ,임백준 ,2012-04-26,9788979147278
나의 첫 파이썬,에릭 마테스 ,한선용 ,2017-05-01,9788968483561
클라우드 시스템을 관리하는 기술,"토머스 리몬첼리 , 스트래터 체일럽 , 크리스티나 호건 ",류광 ,2016-02-25,9788968482618
초보자를 위한 안드로이드 스튜디오 : Hello World부터 채팅 앱과 벽돌깨기 게임까지,마츠오카 겐지 ,김성재 ,2016-01-22,9788968482564
Head First C : 내공 있는 C 프로그래머로 이끌어주는 착한 안내서,"데이빗 그리피스 , 돈 그리피스 ",강권학 ,2012-11-08,9788979149760
Head First Android Development : 개념과 구조를 머릿속에 그려주는 안드로이드 개발 입문서(개정판),"돈 그리피스 , 데이비드 그리피스 ",우정은 ,2018-07-15,9791162240953
컴파일러 구조와 원리,아오키 미네로우 ,이영희 ,2010-09-06,9788979147681
PHP & MySQL 닌자 비법서,"톰 버틀러 Tom Butler , 케빈 양크 Kevin Yank ","김재영 , 정병열 ",2019-02-01,9791162241455
웹 엔지니어가 알아야 할 인프라의 기본,바바 토시아키 ,김병국 ,2015-06-28,9788968482014
공학도라면 반드시 알아야 할 최소한의 수학,John Bird ,이재원 ,2017-09-30,9791156643333
"임베디드 안드로이드 : 안드로이드 포팅, 확장, 커스터마이징하기",카림 야크무르 ,이성주 ,2015-03-09,9788968481772
만들면서 배우는 인터프리터: 컴파일러 이론으로 만드는 나만의 스크립트 언어,하야시 하루히코 ,김성재 ,2012-10-12,9788979149043
러닝 PHP,데이비드 스클라 ,정병열 ,2017-04-01,9788968483486
문과생도 이해하는 전기전자수학,야마시타 아키라 ,"박윤경 , 이현숙 ",2017-07-14,9791156643289
안드로이드 멀티스레딩: 비동기 메커니즘으로 날렵하고 안정적인 앱 만들기,안데르스 예란손 ,한대희 ,2015-02-27,9788968481703
"프로그래밍 면접, 이렇게 준비한다(4판)","존 몽건 , 노아 킨들러 , 에릭 기게리 ",서환수 ,2019-07-04,9791162241998
스콧 켈비의 사진가를 위한 포토샵 CS6,스콧 켈비(Scott Kelby) ,홍성희 ,2013-07-09,9788968480324
스크럼 성공전략 : 성공하는 애자일을 위한 30가지 지름길,일란 골드스타인(Ilan Goldstein) ,박남혜 ,2014-09-02,9788968481239
공학도라면 반드시 알아야 할 최소한의 과학,John Bird ,권기영 ,2018-12-21,9791156644040
어휘력이 교양이다,사이토 다카시 ,장은주 ,2017-04-03,9791157841738
성능을 100% 끌어내는 멀티코어 애플리케이션 프로그래밍,대릴 고브 ,권오인 ,2012-06-28,9788979149289
안드로이드 시큐리티 인터널,니콜라이 옐렌코프 ,강권학 ,2015-06-27,9788968481970
앱 인벤터 2 : 구글과 MIT 앱 인벤터 개발팀이 안내하는 안드로이드 프로그래밍,"David Wolber , Hal Abelson , Ellen Spertus , Liz Looney ","오일석 , 이진선 ",2015-07-20,9791156641865
스콧 켈비의 라이트룸 CC 킬러 팁 북,스콧 켈비(Scott Kelby) ,문보라 ,2016-05-31,9788968482854
잠시 멈춤이 필요한 순간,저우궈핑 ,정세경 ,2017-07-25,9791157841981
천 명의 눈 속에는 천 개의 세상이 있다,가오밍 ,이현아 ,2017-06-30,9791157841936
지적 생활 습관,도야마 시게히코 ,장은주 ,2017-08-10,9791157841998
5초의 법칙,멜 로빈스 ,이지연 ,2017-09-01,9791157842049
하루 3줄 영어 일기,ALC 편집부 ,정은희 ,2017-11-22,9791157842131
더 저널리스트,어니스트 헤밍웨이 ,김영진 ,2017-08-15,9791157842018
HOW TO WALK,틱낫한 ,진우기 ,2018-01-29,9791157842285
화성인도 읽는 우주여행 가이드북,닐 코민스 ,박아람 ,2017-11-16,9791157842162
토킹 투 크레이지,마크 고울스톤 ,이지연 ,2017-05-22,9791157841868
도마뱀을 설득하라,제임스 크리민스 ,정수진 ,2017-11-06,9791157842063
HOW TO EAT,틱낫한 ,진우기 ,2018-01-29,9791157842247
HOW TO LOVE,틱낫한 ,진우기 ,2018-01-29,9791157842254
HOW TO RELAX,틱낫한 ,진우기 ,2018-01-29,9791157842261
돌아온 여행자에게,란바이퉈 ,이현아 ,2018-02-05,9791157842322
파리지엔은 사랑하기를 포기하지 않는다,"플로랑스 베송 , 에바 아모르 , 클레르 스타인렌 ",곽미성 ,2018-02-28,9791157842414
더 저널리스트 02,조지 오웰 ,김영진 ,2018-03-10,9791157842339
스웨덴은 어떻게 원하는 삶을 사는가,라르스 다니엘손 ,박현정 ,2018-03-06,9791157842438
HOW TO 시리즈(세트),틱낫한 ,진우기 ,2018-01-29,9791157842230
반경 5미터의 행복,다카시마 다이 ,전화윤 ,2018-04-06,9791157842551
지금 세계는 무엇을 생각하는가,오카모토 유이치로(岡本裕一朗) ,전경아 ,2018-04-20,9791157842575
당신의 행복이  어떻게 세상을 구하냐고 물으신다면,콜린 베번(Colin Beavan) ,이은선 ,2018-04-03,9791157842520
단어 하나 바꿨을 뿐인데,하마다 이오리 ,정은희 ,2018-05-14,9791157842629
로봇 시대에 불시착한 문과형 인간,다카하시 도루 (岡本裕一朗) ,김은혜 ,2018-06-19,9791157842704
원칙,레이 달리오(Ray Dalio) ,고영태 ,2018-06-05,9791157842636
HOW TO SIT,틱낫한 ,진우기 ,2018-01-29,9791157842278
자포스는 왜 버려진 도시로 갔는가,에이미 그로스(Aimee Groth) ,이정란 ,2018-04-23,9791157842582
아마추어,앤디 메리필드 ,박준형 ,2018-08-30,9791157842834
헬위크,에릭 라르센 ,김정희 ,2017-12-21,9791157842216
이젠 내 시간표대로 살겠습니다,미카엘라 청 ,김정혜 ,2018-08-16,9791157842780
디즈니 유니버시티,더그 립 ,"신제구 , 박세환 ",2014-10-28,9788994120935
우주에도 우리처럼,"아베 유타카 , 아베 아야코 ",정세영 ,2018-08-30,9791157842827
3D 프린팅 넥스트 레볼루션 : 3D 프린터가 가져올 미래,크리스토퍼 바넷 ,"길이훈 , 김상태 ",2014-09-22,9788994120904
하루 한 식물,마키노 도미타로 ,안은미 ,2016-04-11,9791157841240
하버드 30초 통계학,하버드비즈니스리뷰 ,이제용 ,2015-06-04,9791157840144
비즈니스 모델을 훔쳐라,이마에다 마사히로 ,서라미 ,2015-04-07,9791157840106
갈 곳이 없는 남자 시간이 없는 여자,미나시타 기류 ,이서연 ,2016-06-17,9791157841219
업무의 잔기술,야마구치 마유 ,김현화 ,2016-07-19,9791157841332
"문예적인, 너무나 문예적인",아쿠타가와 류노스케 ,정수윤 ,2016-08-20,9791157841400
쓸데없는 걱정 따위,시마자키 칸 ,전선영 ,2016-08-30,9791157841448
어느 날 400억 원의 빚을 진 남자,유자와 쓰요시 ,정세영 ,2016-10-15,9791157841509
미라클 모닝 다이어리,할 엘로드 ,이현주 ,2016-11-16,9791157841554
어느 물리학자의 일상,데라다 도라히코 ,안은미 ,2016-11-20,9791157841578
그래서 나는 억만장자와 결혼했다,오드레 베르농 ,유정애 ,2016-12-15,9791157841615
문과생도 이해하는 확률과 통계,야마모토 토시로 ,박윤경 ,2018-06-29,9791156643975
만만한 통계 : Excel 활용,닐 샐카인드(Neil J. Salkind) ,김재경 ,2018-06-29,9791156643982
미분적분학 바이블,제임스 스튜어트 ,한빛수학교재연구소 ,2018-01-04,9791156643678
미분적분학 에센스,제임스 스튜어트 ,한빛수학교재연구소 ,2018-01-08,9791156643685
"IT CookBook, 익스플로링 아두이노",JEREMY BLUM ,김찬웅 ,2014-05-26,9791156641070
Head First Object-Oriented Analysis & Design : 세상을 설계하는 객체지향 방법론,"브렛 맥래프린 , 게리 폴리스 , 데이비드 웨스트 ","신광연 , 박종걸 ",2007-06-28,9788979144949
"IT CookBook, 현대 반도체 소자 공학 : Modern Semiconductor Devices for Integrated Circuits",첸밍 후(Chenming Calvin Hu) ,"권기영 , 신형철 , 이종호 ",2013-08-13,9788998756390
"IT CookBook, 인공지능 개론",마이클 네그네빗스키 ,김용혁 ,2013-08-13,9788998756451
"IT CookBook, 실무로 완성하는 최신 안테나 공학 : 이론에서 실무까지","Yi Huang , Kevin Boyle ",유태훈 ,2014-07-14,9791156641155
빅데이터의 충격: 거대한 데이터의 파도가 사업 전략을 바꾼다!,시로타 마코토 ,김성재 ,2013-01-26,9788979144338
"IT CookBook, 이동통신 입문 : Mobile Communications",요켄 쉴러(Jochen H. Schiller) ,여운영 ,2008-12-29,9788979146035
"IT CookBook, 현대 전력전자공학: Introduction to Modern Power Electronics",안제이 트지나로브스키 ,"원충연 , 김영렬 , 이택기 , 정용채 ",2011-03-21,9788979148152
"IT CookBook, 운영체제론 : Operating Systems, 3rd Ed","하비 디텔 , 폴 디텔 , 데이빗 쇼픈스 ",송경희 ,2009-09-04,9788979146844
Head First Programming : 파이썬으로 처음 배우는 프로그래밍,"폴 배리 , 데이빗 그리피스 ",강권학 ,2011-03-17,9788979148190
Head First Physics : 생생한 게임 개발에 꼭 필요한 물리 이야기,헤더 랭 ,홍형경 ,2010-02-02,9788979147285
페이스북 시대: 소셜 네트워크를 활용한 비즈니스와 마케팅,클라라 샤이(Clara Shih) ,전성민 ,2010-11-23,9788979147902
"IT CookBook, 전자기학 : ELECTROMAGNETICS","Arlon T. Adams , Jay Kyoon Lee(이재균) ","유태훈 , 허노정 ",2013-08-19,9788998756284
"게임 개발자를 위한 물리(개정2판) : 차량, 스포츠, 폭발, 모바일 등 게임 물리의 모든 것","브라이언 비발레츠 , 데이비드 버그 ","Pope Kim , 이정훈 , 문정균 ",2014-12-26,9788968481550
"IT CookBook, 정보보안 이론과 실제",마크 스탬프 ,"안태남 , 손용락 , 이광석 ",2015-09-17,9791156642008
수치해석학 바이블,"Ward Cheney , David Kincaid ","이병준 , 한희재 ",2018-09-28,9791156644019
code.org를 활용한 컴퓨팅 사고력과 코딩 교육,"제인 크라우스 , 키키 프롯츠만 ","김수환 , 김찬웅 , 김해영 ",2017-11-30,9791156643241
비주얼 컴플렉시티,마누엘 리마 ,장형석 ,2016-04-01,9788968482717
전자부품 백과사전 vol.1 : 전력 전원 및 변환,찰스 플랫 ,배지은 ,2014-12-26,9788968481505
스트랭 미분적분학,Gilbert Strang ,한빛수학교재연구소 ,2019-01-02,9791156644378
움직이는 사물의 비밀: DIY를 위한 기계와 메커니즘의 기초,더스틴 로버츠 ,"랜덤웍스 , 윤진서(공역) ",2012-12-23,9788979149869
이것이 경영이다,헨리 민츠버그 ,김진희 ,2019-06-10,9791157843343
웹 데이터 수집의 기술,타쿠로 사사키 ,김경록 ,2017-08-15,9788968489990
마인크래프트 슈퍼 건축 레시피,"히류 , 이마이 산타로 ",곰다비 ,2017-06-05,9788968483325
달인과 함께 하는 마인크래프트 세계 건축 여행 : 아시아와 아프리카,"히류 , 돈보코 , 하야시 ",곰다비 ,2018-05-01,9791162240670
짧은 애니메이션 만들기 with 클립 스튜디오,요시베 나오키(吉邊尚希) ,김재훈 ,2018-04-09,9791162240557
달인과 함께 하는 마인크래프트 세계 건축 여행: 유럽과 아메리카,"히류 , 돈보코 , 하야시 ",곰다비 ,2018-05-01,9791162240663
테크니컬 아티스트를 위한 최고의 교과서 : 내공 있는 CG 아티스트로 이끌어주는 체계적인 입문서,"카츠라 요스케 , 요츠쿠라 타츠오 , 마크 살바티 ",서재우 ,2014-05-16,9788968481017
메이커 운동 선언 : 테크숍 CEO가 말하는 미래를 지배할 혁신의 원칙,마크 해치 ,정향 ,2014-05-20,9788968480980
스트랭 미분방정식과 선형대수학,Gilbert Strang ,한빛수학교재연구소 ,2019-07-09,9791156644422
죽음의 부정,어니스트 베커 ,노승영 ,2019-08-16,9791157843527
기적의 매출을 위한 미라클 모닝,"할 엘로드 , 라이언 스노우 ",김현수 ,2019-06-30,9791157843411
한 단어의 힘,에번 카마이클 ,김고명 ,2019-07-22,9791157843497
자율주행,"안드레아스 헤르만 , 발터 브레너 , 루퍼트 슈타들러 ",장용원 ,2019-08-29,9791157843541
만화로 배우는 의학의 역사,"장 노엘 파비아니 , 필리프 베르코비치 ",김모 ,2019-10-25,9791157843688
조용해도 민감해도 괜찮아,일자 샌드 ,배현 ,2019-09-27,9791157843602
페일링 업 : 나는 매일 내 실패를 허락한다,레슬리 오덤 주니어 ,최다인 ,2019-11-28,9791157843725
손그림 연습장 : 펜 하나면 누구나 그릴 수 있는 쉽고 귀여운 일러스트,사라 알베르토 ,최다인 ,2019-08-01,9791188007356
손뜨개 가방과 모자,Little Lion ,김수연 ,2019-10-01,9791188007370
만화로 배우는 와인의 역사,"브누아 시마 , 다니엘 카사나브 ",이정은 ,2019-11-29,9791157843732
텐서플로 첫걸음,조르디 토레스 ,박해선 ,2016-08-29,9788968484902
아이주도이유식 (개정판),"질 래플리 , 트레이시 머켓 ","정수진 , 이진선 ",2019-11-20,9791188007417
밑바닥부터 시작하는 딥러닝,사이토 고키 ,개앞맵시(이복연) ,2017-01-03,9788968484636
NO BULLSHIT 수학&물리 가이드,Ivan Savov ,권기영 ,2020-01-06,9791156644644
NO BULLSHIT 선형대수학 가이드,Ivan Savov ,"김대정 , 모현선 , 배준우 ",2020-01-06,9791156644729
밑바닥부터 시작하는 딥러닝 2,사이토 고키 ,개앞맵시(이복연) ,2019-05-01,9791162241745
Zero to Maker: 누구나 메이커가 될 수 있다,데이비드 랭 ,장재웅 ,2015-02-27,9788968481710
9가지 사례로 익히는 고급 스파크 분석,"샌디 라이자 , 유리 레이저슨 , 션 오언 , 조시 윌스 ","서양주 , 권한철 , 박상은 ",2016-07-01,9788968482892
Make: 센서,"테로 카르비넨 , 키모 카르비넨 , 빌리 발토카리 ","지영민 , 남기혁 ",2015-09-28,9788968482205
일상 무기 제작법 1 : 생활용품으로 전투 무기 만들기,존 오스틴 ,정향 ,2015-10-06,9788968482151
일상 무기 제작법 2 : 생활용품으로 첩보 무기 만들기,존 오스틴 ,정향 ,2015-12-01,9788968482328
일상 무기 제작법 3 : 생활용품으로 중세의 공성 무기 만들기,존 오스틴 ,정향 ,2016-02-19,9788968482472
전자부품 백과사전 vol.2 : 신호 처리,찰스 플랫 ,"배지은 , 이하영 ",2015-12-01,9788968482373
Make: 라즈베리 파이 로봇,볼프람 도낫 ,이하영 ,2015-08-27,9788968482144
프로젝트로 배우는 라즈베리 파이,도날드 노리스 ,임지순 ,2015-04-24,9788968481888
처음 시작하는 드론,"테리 킬비 , 베린다 킬비 ","이하영 , 감수자_김용현 ",2016-10-01,9788968484841
하드웨어 스타트업,"르네 디레스타 , 브레이디 포레스트 , 라이언 빈야드 ",정향 ,2016-10-01,9788968484834
Make: 심플 로봇,케이티 세서리 ,임지순 ,2016-08-01,9788968484971
Maker Pro : 메이커 프로,존 베이첼 ,정향 ,2015-07-28,9788968482038
파이썬을 활용한 금융 분석,이브 힐피시 ,김도형 ,2016-05-18,9788968482779
9가지 사례로 익히는 고급 스파크 분석(2판),"샌디 라이자 , 유리 레이저슨 , 션 오언 , 조시 윌스 ","박상은 , 권한철 , 서양주 ",2018-03-05,9791162240526
핸드메이드 일렉트로닉 뮤직,니콜라스 콜린스 ,임지순 ,2016-03-04,9788968482632
전자부품 백과사전 vol.3,"찰스 플랫 , 프레드릭 얀슨 ","배지은 , 이하영 ",2017-05-01,9788968483493
3D 프린팅을 위한 스케치업,리디아 클라인 ,민혜기 ,2017-05-01,9788968483578
메이커 매뉴얼,"안드레아 마이에타 , 파올로 알리베르티 ",남기혁 ,2016-07-01,9788968482885
아이와 함께 할 수 있는 50가지 위험한 실험,"게버 털리 , 줄리 스피글러 ",c: operated ,2013-04-21,9788968480089
Make: 드론,데이비드 맥그리피 ,"임지순 , 감수자_ 팹브로스 제작소 김용현, 정성일 ",2017-08-01,9788968488641
Make: 액션,사이먼 몽크 ,임지순 ,2016-12-06,9788968484674
신경망 첫걸음,타리크 라시드 ,송교석 ,2017-04-03,9788968483509
강화학습 첫걸음,아서 줄리아니 ,송교석 ,2017-12-22,9791162240298
러닝 HTTP/2,"스티븐 루딘 , 하비에르 가르사 ",강재준 ,2018-01-22,9791162240434
최대 성능을 위한 유니티 5 게임 프로그래밍 최적화,크리스 디킨슨 ,"유건곤 , 최종우 ",2017-06-30,9788968488504
테트리스 이펙트,댄 애커먼 ,권혜정 ,2018-01-11,9791162240366
함수형 자바스크립트,루이스 아텐시오 ,이일웅 ,2018-02-01,9791162240427
알쏭달쏭 자바 200제,"시바타 보요 , 유리 가오루 ",김완섭 ,2019-05-30,9791162241936
얼굴 만들기 스티커북 – 동물 왕국,i-Read 출판사 ,편집부 ,2017-10-05,9791162240014
아주 큰 스티커북 - 탈것,Clorophyl Editions 출판사 ,편집부 ,2018-04-26,9791162240625
처음 시작하는 NFC 프로그래밍 : 안드로이드에서 개발하기,"브라이언 젭슨 , 돈 콜먼 , 톰 이고 ",이희정 ,2014-12-30,9788968487248
"손에 잡히는 R 프로그래밍 : 주사위, 카드놀이, 슬롯머신을 만들면서 배우는 R 언어",가렛 그롤먼드 ,이준용 ,2015-01-28,9788968481642
JavaScript Promise,azu ,주우영 ,2015-01-28,9788968487293
해커와 화가,폴 그레이엄 ,임백준 ,2014-01-24,9788968480713
함수형 사고,닐 포드 ,김재완 ,2016-06-23,9788968482960
빅데이터 처리를 위한 웹 개발 노하우 MongoDB와 PHP,스티브 프랜시아 ,최병현 ,2013-01-07,9788979149951
"처음 시작하는 NFC 프로그래밍 : 아두이노, 라즈베리 파이에서 개발하기","브라이언 젭슨 , 돈 콜먼 , 톰 이고 ",이희정 ,2015-01-12,9788968487255
파이썬을 이용한 AWS 가이드 : 파이썬과 Boto로 클라우드 관리하기,미치 가나트 ,강권학 ,2013-01-31,9788979143683
해커스 : 세상을 바꾼 컴퓨터 천재들 (무삭제판),스티븐 레비 ,"박재호 , 이해영 ",2013-08-19,9788968480454
안전한 API 인증과 권한 부여를 위한 클라이언트 프로그래밍 OAuth 2.0,라이언 보이드 ,이정림 ,2013-01-25,9788979149944
코드의 재사용과 높은 수준의 테스팅을 원한다면 : 함수형 길들이기,조슈아 백필드 ,이일웅 ,2015-03-26,9788968487439
iOS 빌드와 릴리스 - 환경 설정,론 로슈 ,이연진 ,2013-08-22,9788968486401
jQuery Deferreds : 디퍼드 제대로 이해하기,"니콜라스 톨러베이 , 테리 존슨(Terry Jones) ",조건희 ,2014-09-05,9788968487217
자바 8 람다 : 자바 개발자를 위한 함수형 프로그래밍,리처드 워버튼 ,이희정 ,2014-09-30,9788968486739
You Don’t Know JS : 스코프와 클로저,카일 심슨(Kyle Simpson) ,최병현 ,2014-08-29,9788968486333
처음 시작하는 인텔 갈릴레오,매트 리처드슨 ,이호민 ,2014-10-28,9788968481314
회사에서 바로 통하는 돋보이는 기획서,이시오카 히로쿠니 ,전경아 ,2009-01-14,9788996185512
일주일 만에 끝내는 하이버네이트,마드후수단 콘다 ,송기용 ,2014-11-05,9788968487224
AngularJS 활용편 : MVC 패턴을 구현하는 자바스크립트 프레임워크,"브래드 그린 , 샤이엄 세샤드리 ",김지원 ,2013-09-13,9788968486432
게임 매니악스 슈팅 게임 알고리즘,"마츠우라 켄이치로 , 츠카사 유키 ",손정도 ,2013-10-17,9788968480539
"스프링3 입문 : 스프링3.1 지원, 스트럿츠, 하이버네이트, 마이바티스 연계","하세가와 유이치 , 오오노 와타루 , 토키 코헤이 ",김성재 ,2013-10-10,9788968480515
You Don't Know JS : this와 객체 프로토타입,카일 심슨(Kyle Simpson) ,이일웅 ,2015-08-27,9788968487743
iOS 빌드와 릴리스 - 빌드 자동화와 배포,론 로슈 ,이연진 ,2013-10-02,9788968486463
You Don’t Know JS : 타입과 문법,카일 심슨(Kyle Simpson) ,이일웅 ,2015-05-26,9788968487507
오픈 소스 : 오픈 소스 혁명의 목소리 Vol 2,"에릭 스티븐 레이먼드 , 리처드 스톨먼 , 팀 오라일리 , 리누스 토발즈 ","송창훈 , 이기동 , 이만용 ",2013-09-06,9788968486456
성당과 시장 : 우연한 혁명으로 일어난 리눅스와 오픈소스에 대한 생각,에릭 레이먼드 ,"정직한 , 송창훈 , 윤종민 ",2013-12-30,9788968486562
You Don’t Know JS : 비동기와 성능,카일 심슨(Kyle Simpson) ,이일웅 ,2015-12-18,9788968487941
게임 매니악스 퍼즐 게임 알고리즘,"마츠우라 켄이치로 , 츠카사 유키 ",김병국 ,2013-12-19,9788968480706
"루아 프로그래밍 가이드 : WOW, 앵그리버드에서 사용한 쉽고 빠른 스크립트 언어",Lua.org ,권상구 ,2013-11-14,9788968486517
게임 매니악스 탄막 게임 알고리즘,"마츠우라 켄이치로 , 츠카사 유키 ",윤석조 ,2014-02-22,9788968480812
게임 매니악스 액션 게임 알고리즘,"마츠우라 켄이치로 , 츠카사 유키 ",Wisdom Teeth ,2015-06-28,9788968482069
예제로 쉽게 배우는 스프링 프레임워크 3.0,사카타 코이치 ,황선유 ,2012-02-25,9788979148879
만들면서 배우는 언리얼 게임 프로그래밍 : 횡 스크롤 액션 게임 + 타워 디펜스 TPS 액션 게임,"오사와 료스케 , 이즈카 켄스케 ",윤준 ,2015-04-27,9788968481956
자바 개발자를 위한 함수형 프로그래밍,딘 왐플러 ,임백준 ,2012-09-19,9788979149678
유지보수하기 어렵게 코딩하는 방법: 평생 개발자로 먹고 살 수 있다,로에디 그린 ,우정은 ,2012-07-16,9788979149418
Head First iPhone Development: 사용자 경험 중심의 아이폰 앱 개발 입문서,"댄 필로네 , 트레이시 필로네 ",강권학 ,2010-05-07,9788979147421
임베디드 하드웨어 이해와 설계(개정판),존 캣솔리스 ,홍형경 ,2006-08-28,8979143958
디자인 패턴을 적용한 임베디드 시스템: 당신을 임베디드 전문가로 이끌어줄 꼼꼼한 멘토링,엘레시아 화이트 ,우정은 ,2013-06-22,9788968480195
집단지성 프로그래밍,토비 세가란 ,윤종완 ,2008-04-16,9788979145625
유니티로 게임을 만드는 10가지 방법 : 장르별 게임 알고리즘 가이드,가토 마사키 ,고승희 ,2014-03-17,9788968480874
OpenGL Super Bible(개정6판),"그라함 샐러스 , 리처드 S. 라이트 주니어 , 니콜라스 히멜 ","이중기 , 최지호 ",2015-07-23,9788968482045
초보자를 위한 유니티 5 입문 : 설치에서 3D와 2D 게임까지,"아라카와 다쿠야 , 아사노 유이치 ",윤준 ,2016-01-19,9788968482502
Head First EJB : EJB가 여러분의 머리 속으로,"케이시 시에라 , 버트 베이츠 ",서환수 ,2005-01-15,8979143087
게이미피케이션: 웹과 모바일 앱에 게임 기법 불어넣기,"게이브 지커맨 , 크리스토퍼 커닝햄 ","정진영 , 송준호 , 김지원 ",2012-04-18,9788979149197
Head First iPhone and iPad Development : 사용자 경험 중심의 iOS 앱 개발 입문서 (개정3판),"트레이시 필로네 , 댄 필로네 , 폴 필로네 , 브렛 맥러플린 ",우정은 ,2014-05-28,9788968481055
Objective-C : 맥과 아이폰 애플리케이션 프로그래밍,오기하라 타케시 ,신상재 ,2009-07-16,9788979146837
Xcode로 배우는 코코아 프로그래밍,시바타 후미히코 ,신상재 ,2010-09-14,9788979147575
세가의 신입 사원 교육 과정에서 배우는 게임 프로그래밍의 정석,히라야마 타카시 ,김성훈 ,2012-02-25,9788979148992
한 권으로 끝내는 정규표현식,"잰 고이바에르츠 , 스티븐 리바이선 ",김지원 ,2010-09-17,9788979147742
Head First Ajax : 자꾸 가고 싶은 웹 사이트의 비밀,레베카 리오단 ,"홍승표 , 김은희 ",2009-09-17,9788979146936
대규모 웹 개발 : 배경지식부터 개발기법까지,카일 라우든 ,우정은 ,2011-02-21,9788979148145
헤드 퍼스트 대수학 Head First Algebra,"댄 필로네 , 트레이시 필로네 ","우정은 , 서환수 ",2016-11-01,9788968484773
만들면서 배우는 리스프 프로그래밍: Land of LISP,콘래드 바스키 ,조태훈 ,2011-11-18,9788979148756
Code Simplicity : 소프트웨어 생명 연장을 위한 원칙,맥스 카넷-알렉산더 ,신정안 ,2012-12-03,9788979149913
DirectX 11을 이용한 3D 게임 프로그래밍 입문,프랭크 D. 루나 ,류광 ,2013-10-11,9788968480577
자바스크립트와 SVG로 쉽게 만드는 웹 기반 데이터 비주얼라이제이션 D3,마이크 드워 ,양성일 ,2012-11-16,9788979149777
일관성 있는 웹 서비스 인터페이스 설계를 위한 REST API 디자인 규칙,마크 마세 ,"권원상 , 김관래 ",2012-10-18,9788979149456
Head First Mobile Web: 웹앱으로 진화하는 모바일 웹 개발,"리자 데인저 가드너 , 제이슨 그릭스비 ","이수진 , 이성희 ",2012-09-24,9788979149548
게임 디자인 레벨업 가이드(개정2판) : 유저가 열광하는 위대한 게임을 만드는 기획,스콧 로저스 ,"정하율 , 강권학 , 김경태 , 우정은 ",2015-12-02,9788968482380
OS X 구조를 이해하면서 배우는 Objective-C(3판) : 맥 OS X와 iOS를 위한 오브젝티브-C 가이드,오기하라 타케시 ,서수환 ,2013-07-24,9788968480331
게임을 움직이는 기술과 발상 : 코드 한 줄 없이 익히는 게임 개발 리얼 다큐,도마에 요시키 ,고승희 ,2014-12-26,9788968481543
멀티스레드를 위한 자바스크립트 프로그래밍 웹 워커,아이두 그린 ,김보경 ,2012-11-23,9788979149784
윈도우 런타임을 이용한 실전 앱 개발 Windows 8 앱 개발 가이드,벤 듀이 ,이원영 ,2013-02-27,9788979143706
빅데이터 윤리 : 윤리적인 빅데이터 사용을 위한 정책 가이드,코드 데이비스 ,강석주 ,2013-03-11,9788979143690
프라이버시와 빅데이터 : 빅데이터 시대의 개인정보보호와 사생활,"테렌스 크레이그 , 메리 루들로프 ","이춘식 , 김정환 ",2013-03-11,9788968486036
Ajax 디자인 패턴 for 웹 2.0,마이클 마헤모프(Michael Mahemoff) ,"정석모 , 김지원 ",2007-07-10,9788979144833
웹 사이트 최적화를 위한 밴디트 알고리즘,존 마일즈 화이트 ,김학민 ,2014-05-02,9788968486609
크리스 크로퍼드의 인터랙티브 스토리텔링,크리스 크로퍼드 ,최향숙 ,2015-12-01,9788968482403
반응형 웹 개발을 위한 부트스트랩,제이크 스퍼록 ,송지연 ,2014-05-07,9788968486555
C++ AMP : Visual C++와 GPGPU를 이용한 대규모 병렬 프로그래밍,"케이트 그레고리 , 에이드 밀러 ",강권학 ,2013-07-16,9788968480256
개발 프로세스 향상과 코드의 질을 높이는  Android Developer Tools 필수 가이드(기본편),마이크 울프선 ,이성주 ,2014-05-30,9788968487132
자바 데이터베이스 API를 위한 스프링 데이터 핵심 노트,마드후수단 콘다 ,송지연 ,2013-07-22,9788968486371
AngularJS 기초편 : MVC 패턴을 구현하는 자바스크립트 프레임워크,"브래드 그린 , 샤이엄 세샤드리 ",김지원 ,2013-07-31,9788968486418
드루팔(Drupal) : 프로그래머를 위한 가이드,제니퍼 하지던 ,김지원 ,2013-04-30,9788968486081
개발 프로세스 향상과 코드의 질을 높이는 Android Developer Tools 필수 가이드(심화편),마이크 울프선 ,이성주 ,2014-06-03,9788968487149
빈과 컨테이너 중심으로 빠르게 배우는 스프링 핵심 노트,마드후수단 콘다 ,송지연 ,2013-05-10,9788968486104
데이터/수치 분석을 위한 파이썬 라이브러리 SciPy와 NumPy,엘리 브레설트 ,이성주 ,2013-05-29,9788968486135
"BACK TO THE BASIC, C++ 버그 헌팅: 버그를 예방하는 11가지 코딩 습관",블라디미르 쿠스퀴니르 ,정원천 ,2013-05-31,9788968486357
아두이노와 환경모니터링 : 직접 만든 아두이노 기기로 환경 지키기,"패트릭 디 저스토 , 에밀리 거츠 ",이영수 ,2013-06-26,9788968486388
로그를 사랑해 : 데이터 처리/통합/시스템 구축을 위한 로그,제이 크렙스 ,이일웅 ,2015-01-30,9788968487309
EAI 패턴과 메시징 시스템 개발을 위한 스프링 인티그레이션 핵심 노트,마드후수단 콘다 ,송지연 ,2013-05-28,9788968486128
R 병렬 프로그래밍 : 빅데이터 분석을 위한 R 멀티코어 병렬 처리,"Q. 에덴 맥컬럼 , 스테판 웨스턴 ",이영수 ,2013-06-28,9788968486364
OpenCV 제대로 배우기,"개리 로스트 브라드스키 , 에이드리안 캘러 ",황선규 ,2009-09-18,9788979146943
처음 시작하는 정규표현식(Regular Expressions) : 언어와 플랫폼을 뛰어넘는 정규표현식을 만나다,마이클 피츠제럴드 ,"이수진 , 이성희 ",2013-04-11,9788968480133
아주 큰 스케치북 : 색칠하기,i-Read 출판사 ,편집부 ,2017-10-10,9791162240106
아주 큰 스케치북 : 그림 그리기,i-Read 출판사 ,편집부 ,2017-10-10,9791162240090
아주 큰 스케치북 : 오리기+찢기,마유미 예우스키 ,편집부 ,2017-11-06,9791162240175
아주 큰 스케치북 : 오리기,마유미 예우스키 ,편집부 ,2017-11-06,9791162240168
얼굴 만들기 스티커북 – 동물 농장,i-Read 출판사 ,편집부 ,2017-10-05,9791162240021
데이터 분석을 위한 SQL 레시피,"가사키 나가토 , 다미야 나오토 ",윤인성 ,2018-04-01,9791162240601
딥러닝의 정석,니킬 부두마 ,"고광원 , 금경목 ",2018-02-26,9791162240519
아주 큰 스티커북 - 동물,Clorophyl Editions 출판사 ,편집부 ,2018-04-19,9791162240588
핸즈온 머신러닝,오렐리앙 제롱(Aurélien Géron) ,박해선 ,2018-04-27,9791162240731
오픈 소스 : 오픈 소스 혁명의 목소리 Vol 1,"에릭 스티븐 레이먼드 , 리처드 스톨먼 , 팀 오라일리 , 리누스 토르발스 ","최준호 , 이만용 , 이기동 ",2013-07-31,9788968486449
러닝 텐서플로,"톰 호프 , 예헤즈켈 레셰프 , 이타이 리더 ",박상은 ,2018-05-04,9791162240687
자바 프로젝트 필수 유틸리티,"쇼다 츠야노 , 전민수 ",배효진 ,2018-05-01,9791162240700
아주 큰 스티커북 - 공룡,Clorophyl Editions 출판사 ,편집부 ,2018-04-26,9791162240571
Java 9 모듈 프로그래밍,코시크 코타갈 ,유동환 ,2018-05-01,9791162240403
처음 배우는 블록체인,"가사키 나가토 , 시노하라 와타루 ",이중민 ,2018-06-01,9791162240830
엔지니어를 위한 블록체인 프로그래밍,다고모리 데루히로 ,심효섭 ,2018-06-01,9791162240694
팀을 위한 Git,엠마 제인 호그빈 웨스트비 ,최병현 ,2016-09-01,9788968488337
우아한 사이파이,"스테판 판데르발트 , 해리엇 대시나우 ",최길우 ,2018-06-01,9791162240748
아무것도 모르고 시작하는 인공지능 첫걸음,히가시나카 류이치로 ,진솔 ,2018-06-01,9791162240809
한 권으로 끝내는 딥러닝 텐서플로,"바라스 람순다르 Bharath Ramsundar , 레자 자데 Reza Bosagh Zadeh ","장정호 , 정하나 ",2018-11-05,9791162241226
파이썬으로 배우는 머신러닝의 교과서,이토 마코토 ,박광수(아크몬드) ,2018-11-01,9791162241240
기계는 어떻게 생각하고 학습하는가,"뉴 사이언티스트 , 닉 보스트롬 , 넬로 크리스티아니니 , 존 그레이엄-커밍 , 피터 노빅 , 앤더스 샌드버그 , 토비 월시 ",김정민 ,2018-12-05,9791162241387
실습과 그림으로 배우는 리눅스 구조,다케우치 사토루 ,신준희 ,2019-02-20,9791162241523
스파크 완벽 가이드,"빌 체임버스 Bill Chambers , 마테이 자하리아 Mate Zaharia ","우성한 , 이영호 , 강재원 ",2018-12-10,9791162241288
하이퍼레저 블록체인 개발,"니틴 가워 , 뤼크 데로지에르 , 벤카트라만 라마크리슈나 , 페트르 노보트니 , 살만 바셋 , 앤서니 오다우드 ","임지순 , 이대승 ",2019-02-04,9791162241462
Accelerated C++,"앤드루 쾨니히(Andrew Koenig) , 바버라 E. 무 ",류태호 ,2018-11-05,9791162241301
텐서플로를 활용한 머신러닝,니샨트 수클라 ,"송교석 , 감수: 강찬석 ",2019-02-01,9791162241073
